Date,Time,Global_active_power,Global_reactive_power,Voltage,Global_intensity,Sub_metering_1,Sub_metering_2,Sub_metering_3,datetime,time_gap,segment_id,true_anomaly,hour,day_of_week,month,day_of_year,is_weekend,hour_sin,hour_cos,day_sin,day_cos,year_sin,year_cos,active_power_lag_1,active_power_lag_5,active_power_lag_15,active_power_lag_60,active_power_rolling_mean_15,active_power_rolling_std_15,active_power_rolling_min_15,active_power_rolling_max_15,active_power_rolling_mean_60,active_power_rolling_std_60,active_power_rolling_min_60,active_power_rolling_max_60,active_power_change_1,active_power_change_rate,deviation_from_15min_mean,deviation_from_60min_mean,rolling_zscore_15,rolling_zscore_60,active_power_change_rate_log,rolling_zscore_15_log,rolling_zscore_60_log,predicted_anomaly,anomaly_score,best_predicted_anomaly,final_predicted_anomaly,final_anomaly_score
11/4/2010,20:55:00,7.082,0.0,233.86,30.4,76.0,0.0,17.0,2010-04-11 20:55:00,0 days 00:01:00,14,0,20,6,4,101,1,-0.8660254037844386,0.5000000000000001,-0.7818314824680299,0.6234898018587334,0.986146248341595,-0.16587819893463143,21.018280182824547,7.946,6.112,0.348,7.647085345521636,3.802505298374616,5.976,21.018280182824547,3.4905046697137427,3.4332002634447463,0.348,21.018280182824547,-13.936280182824547,-0.6630551785658296,-0.565085345521636,3.591495330286257,-0.1486086937901657,1.0461071463051455,-0.5086563797961386,-0.13855137845142326,0.7159390348313353,1,-0.13938605108219637,1,1,-0.13938605108219637
3/2/2007,19:12:00,29.359842878460327,0.454,228.9,71.43169774568022,35.0,34.0,16.0,2007-02-03 19:12:00,0 days 00:01:00,0,1,19,5,2,34,1,-0.9659258262890684,0.2588190451025203,-0.9749279121818236,-0.2225209339563146,0.5521013427459208,0.8337770129585915,7.454,5.442,7.484,3.5,6.767066666666667,0.895852305003899,5.404,7.504,5.676666666666667,1.6955589715456298,3.376,7.904,21.905842878460327,2.9388033189773286,22.592776211793662,23.68317621179366,25.219309126737507,13.967769101067987,1.3708769510278282,3.266496128893731,2.7058991626815043,1,-0.13721195120820384,1,1,-0.13721195120820384
3/2/2007,19:23:00,7.848,0.692,229.23,34.2,36.0,36.0,16.0,2007-02-03 19:23:00,0 days 00:01:00,0,0,19,5,2,34,1,-0.9659258262890684,0.2588190451025203,-0.9749279121818236,-0.2225209339563146,0.5521013427459208,0.8337770129585915,7.164,7.846,5.418,3.758,8.099589525230689,5.947144769247766,5.38,29.359842878460327,6.591397381307672,3.3189659599352197,3.69,29.359842878460327,0.6840000000000002,0.09547737360729014,-0.2515895252306892,1.2566026186923276,-0.04230425439307272,0.3786126865600195,0.09119022589877424,-0.04143389149046383,0.32107769392237095,1,-0.13671501486741133,1,1,-0.13671501486741133
12/4/2009,20:54:00,5.956,0.36,232.55,25.6,44.0,0.0,17.0,2009-04-12 20:54:00,0 days 00:01:00,10,0,20,6,4,102,1,-0.8660254037844386,0.5000000000000001,-0.7818314824680299,0.6234898018587334,0.9831469737221499,-0.1828169249850199,20.749830718544146,7.926,5.94,1.872,8.05998871456961,3.6262890876742926,5.94,20.749830718544146,4.923763845309069,3.192206830800252,1.544,20.749830718544146,-14.793830718544147,-0.7129614793609571,-2.103988714569609,1.0322361546909313,-0.5802043531832688,0.3233613012575883,-0.5382237318509374,-0.45755417613327265,0.28017494025923806,1,-0.13665097868344123,1,1,-0.13665097868344123
5/11/2008,13:45:00,16.20762688614692,0.52,239.17,42.97502553374544,1.0,40.0,17.0,2008-11-05 13:45:00,0 days 00:01:00,6,1,13,2,11,310,0,-0.2588190451025208,-0.9659258262890683,0.9749279121818236,-0.22252093395631434,-0.8136678304455991,0.5813300798152042,5.888,7.024,4.912,2.444,7.01,1.1800121064754119,4.912,8.862,4.292633333333333,1.8933901973835436,2.298,8.862,10.319626886146919,1.7526537251177299,9.197626886146919,11.914993552813586,7.794519086434959,6.292941396484883,1.012565437325932,2.1741286963573696,1.9869069483856727,1,-0.13489630173965228,1,1,-0.13489630173965228
3/2/2007,19:25:00,5.818,0.722,231.2,25.4,5.0,36.0,16.0,2007-02-03 19:25:00,0 days 00:01:00,0,0,19,5,2,34,1,-0.9659258262890684,0.2588190451025203,-0.9749279121818236,-0.2225209339563146,0.5521013427459208,0.8337770129585915,7.82,5.968,7.424,3.884,8.365322858564022,5.877811642875197,5.38,29.359842878460327,6.72586404797434,3.2840985098921323,3.69,29.359842878460327,-2.0020000000000007,-0.2560101974411513,-2.547322858564023,-0.9078640479743401,-0.43337946387781345,-0.2764423921023487,-0.22794018699485652,-0.36003491761431006,-0.2440768271098204,1,-0.13404967046763938,1,1,-0.13404967046763938
3/2/2007,19:22:00,7.164,0.688,230.23,31.2,36.0,20.0,16.0,2007-02-03 19:22:00,0 days 00:01:00,0,0,19,5,2,34,1,-0.9659258262890684,0.2588190451025203,-0.9749279121818236,-0.2225209339563146,0.5521013427459208,0.8337770129585915,5.964,7.752,5.442,3.564,7.9847895252306875,5.9830068970040315,5.38,29.359842878460327,6.531397381307672,3.3409067801227237,3.564,29.359842878460327,1.1999999999999993,0.20120720972380776,-0.8207895252306878,0.6326026186923279,-0.13718679242066312,0.18935057465718638,0.18332705921009768,-0.12855748660544045,0.17340742257337835,1,-0.13316843870206896,1,1,-0.13316843870206896
3/2/2007,19:16:00,7.576,0.462,230.14,32.8,36.0,34.0,16.0,2007-02-03 19:16:00,0 days 00:01:00,0,0,19,5,2,34,1,-0.9659258262890684,0.2588190451025203,-0.9749279121818236,-0.2225209339563146,0.5521013427459208,0.8337770129585915,5.938,7.454,5.44,3.646,7.868389525230688,6.010028238800278,5.38,29.359842878460327,6.217764047974339,3.4277703393762735,3.564,29.359842878460327,1.638,0.2758504082434476,-0.2923895252306883,1.3582359520256606,-0.04865027477625547,0.3962447356589266,0.24361294313111964,-0.04750388467249822,0.3337863010514094,1,-0.13151412299031462,1,1,-0.13151412299031462
3/2/2007,19:24:00,7.82,0.676,229.23,34.2,35.0,35.0,17.0,2007-02-03 19:24:00,0 days 00:01:00,0,0,19,5,2,34,1,-0.9659258262890684,0.2588190451025203,-0.9749279121818236,-0.2225209339563146,0.5521013427459208,0.8337770129585915,7.848,6.408,6.264,3.842,8.261589525230688,5.9018044915871375,5.38,29.359842878460327,6.659564047974339,3.3017424144300884,3.69,29.359842878460327,-0.02799999999999958,-0.003567787516846593,-0.44158952523068784,1.1604359520256615,-0.0748227979866432,0.3514616848831206,-0.003561438060822234,-0.07215580890997905,0.30118673626451115,1,-0.1304236499153274,1,1,-0.1304236499153274
4/3/2007,19:32:00,10.154,0.502,229.72,44.4,36.0,61.0,16.0,2007-03-04 19:32:00,0 days 00:01:00,0,0,19,6,3,63,1,-0.9659258262890684,0.2588190451025203,-0.7818314824680299,0.6234898018587334,0.8837203473619977,0.4680153284438345,8.862,6.964,3.96,5.55,6.645333333333332,1.5571904492507604,3.96,8.862,4.425999999999999,1.6523064106201322,2.834,8.862,1.2919999999999998,0.1457910013776798,3.5086666666666675,5.728000000000001,2.253203304936051,3.4666693557463155,0.13609522938991758,1.1796401432130936,1.496643020321332,1,-0.12947224592569317,1,1,-0.12947224592569317
10/1/2010,15:27:00,5.554,0.44,241.66,23.2,9.0,38.0,19.0,2010-01-10 15:27:00,0 days 00:01:00,12,0,15,6,1,10,1,-0.7071067811865471,-0.7071067811865479,-0.7818314824680299,0.6234898018587334,0.17117705961019986,0.985240282501282,21.877604415964903,5.91,6.106,4.498,6.749173627730994,4.205756574731494,4.506,21.877604415964903,5.314326740266082,2.3261930521742027,3.336,21.877604415964903,-16.3236044159649,-0.7461330481832787,-1.195173627730994,0.23967325973391862,-0.2841756546043792,0.10303240288242857,-0.5574036562228439,-0.2501169985625257,0.09806311688649452,1,-0.1289976306547238,1,1,-0.1289976306547238
1/12/2007,21:09:00,22.63013519142466,0.572,237.74,70.20428437830645,38.0,0.0,18.0,2007-12-01 21:09:00,0 days 00:01:00,5,1,21,5,12,335,1,-0.7071067811865477,0.7071067811865474,-0.9749279121818236,-0.2225209339563146,-0.4972040784469378,0.8676336233547726,5.81,5.578,5.422,3.322,5.576400000000001,0.10259546077446428,5.422,5.81,4.0071104785076255,1.143557421625184,3.244,8.67062871045753,16.82013519142466,2.8950313763155395,17.053735191424657,18.623024712917037,166.22309664278328,16.285167986099587,1.3597017348269897,5.119328828926141,2.8498487919320663,1,-0.12880558338665848,1,1,-0.12880558338665848
3/2/2007,19:13:00,5.578,0.488,230.47,24.4,7.0,34.0,16.0,2007-02-03 19:13:00,0 days 00:01:00,0,0,19,5,2,34,1,-0.9659258262890684,0.2588190451025203,-0.9749279121818236,-0.2225209339563146,0.5521013427459208,0.8337770129585915,29.359842878460327,5.418,7.504,3.376,8.225456191897356,5.911561084467917,5.404,29.359842878460327,6.107664047974339,3.480282782375819,3.376,29.359842878460327,-23.781842878460328,-0.810012579661833,-2.647456191897356,-0.5296640479743386,-0.447843835844529,-0.15218994578732561,-0.5933337953429931,-0.37007543997382436,-0.14166443217785227,1,-0.12875717539616116,1,1,-0.12875717539616116
12/10/2008,19:39:00,6.532,0.36,232.33,28.2,0.0,72.0,11.0,2008-10-12 19:39:00,0 days 00:01:00,5,0,19,6,10,286,1,-0.9659258262890684,0.2588190451025203,-0.7818314824680299,0.6234898018587334,-0.9785481345802031,0.20601832032517084,6.944,6.202,24.518544945383145,6.488,7.767236329692211,4.695396949744691,4.81,24.518544945383145,5.008142415756385,3.039656377905862,1.632,24.518544945383145,-0.4119999999999999,-0.05933178869069862,-1.2352363296922109,1.5238575842436148,-0.2630738876634011,0.5013256088155135,-0.05763832131825766,-0.23354834337010225,0.4063484570509237,1,-0.12817735136545028,1,1,-0.12817735136545028
3/2/2007,19:19:00,6.408,0.704,231.89,27.8,9.0,36.0,17.0,2007-02-03 19:19:00,0 days 00:01:00,0,0,19,5,2,34,1,-0.9659258262890684,0.2588190451025203,-0.9749279121818236,-0.2225209339563146,0.5521013427459208,0.8337770129585915,7.846,5.38,7.32,3.738,8.234122858564023,5.920663651863562,5.38,29.359842878460327,6.422297381307672,3.388762362476268,3.564,29.359842878460327,-1.4379999999999997,-0.18327808013279628,-1.8261228585640223,-0.014297381307671664,-0.30843212280590204,-0.004219056923550151,-0.16828862088354563,-0.26882956759280835,-0.004210181657632312,1,-0.12807048004112742,1,1,-0.12807048004112742
11/4/2010,20:56:00,6.856,0.0,233.46,29.4,73.0,0.0,18.0,2010-04-11 20:56:00,0 days 00:01:00,14,0,20,6,4,101,1,-0.8660254037844386,0.5000000000000001,-0.7818314824680299,0.6234898018587334,0.986146248341595,-0.16587819893463143,7.082,7.636,6.06,0.354,7.7117520121883025,3.7827310559337546,5.976,21.018280182824547,3.6027380030470755,3.4387933997599824,0.354,21.018280182824547,-0.22599999999999998,-0.031911884790753346,-0.8557520121883027,3.2532619969529244,-0.22622597259351368,0.9460475285255556,-0.03141328045934264,-0.2039411374901873,0.6658004071683117,1,-0.1279282972564343,1,1,-0.1279282972564343
4/3/2007,19:33:00,10.65,0.5,229.97,46.4,36.0,70.0,17.0,2007-03-04 19:33:00,0 days 00:01:00,0,0,19,6,3,63,1,-0.9659258262890684,0.2588190451025203,-0.7818314824680299,0.6234898018587334,0.8837203473619977,0.4680153284438345,10.154,7.776,3.968,5.106,7.0582666666666665,1.6144394633903252,3.968,10.154,4.502733333333334,1.8052193619150254,2.834,10.154,0.49600000000000044,0.04884773992045111,3.591733333333334,6.147266666666666,2.2247556596459113,3.4052740605138867,0.047692171043589325,1.1708571829265846,1.4828024732334995,1,-0.12765472802648148,1,1,-0.12765472802648148
1/12/2007,21:10:00,5.81,0.492,238.52,24.4,39.0,0.0,17.0,2007-12-01 21:10:00,0 days 00:01:00,5,0,21,5,12,335,1,-0.7071067811865477,0.7071067811865474,-0.9749279121818236,-0.2225209339563146,-0.4972040784469378,0.8676336233547726,22.63013519142466,5.648,5.518,3.28,6.723609012761645,4.401396518921294,5.482,22.63013519142466,4.328912731698036,2.65945694309164,3.244,22.63013519142466,-16.82013519142466,-0.7432626586577235,-0.9136090127616452,1.4810872683019634,-0.20757253040804308,0.5569134225501645,-0.5557584486200661,-0.18861217133117714,0.44270528600728376,1,-0.1275591504419782,1,1,-0.1275591504419782
3/2/2007,19:28:00,7.834,0.68,229.82,34.2,36.0,36.0,16.0,2007-02-03 19:28:00,0 days 00:01:00,0,0,19,5,2,34,1,-0.9659258262890684,0.2588190451025203,-0.9749279121818236,-0.2225209339563146,0.5521013427459208,0.8337770129585915,5.71,7.848,5.578,3.898,6.517733333333334,1.0310546242052674,4.996,7.848,6.805330714641006,3.234236466386417,3.69,29.359842878460327,2.1239999999999997,0.37197891909300884,1.3162666666666656,1.028669285358994,1.2766216607400782,0.31805630047462696,0.31625416409309004,0.8226926163766209,0.27615815176482145,1,-0.12725784775987492,1,1,-0.12725784775987492
11/4/2010,21:02:00,6.206,0.118,233.36,27.6,65.0,0.0,17.0,2010-04-11 21:02:00,0 days 00:01:00,14,0,21,6,4,101,1,-0.7071067811865477,0.7071067811865474,-0.7818314824680299,0.6234898018587334,0.986146248341595,-0.16587819893463143,7.144,7.044,5.976,0.618,8.12921867885497,3.620904828848,5.976,21.018280182824547,4.2566046697137425,3.4189396785047226,0.618,21.018280182824547,-0.9379999999999997,-0.13129897378233846,-1.9232186788549699,1.9493953302862579,-0.5311431174695764,0.5701754092189273,-0.1233665068362321,-0.42601459203851333,0.4511873387365259,1,-0.12719806620069174,1,1,-0.12719806620069174
